USE Factory;
INSERT INTO `Factory`.Part VALUES ('Part1-12345','BodyJoint','Part1ProcessPlan','4','5.3','2','foot','0','pound','1,2,3,4,','');
INSERT INTO `Factory`.Part VALUES ('Part2-12345','Shim','Part2ProcessPlan','4','5.3','2','foot','0','pound','5,6,7,8,','');
INSERT INTO `Factory`.Part VALUES ('Part3-12345','Bracket','Part3ProcessPlan','4','5.3','2','foot','0','pound','9,10,11,12,','');
INSERT INTO `Factory`.Resource VALUES ('Plant1:CNC1_RESOURCE','machine:','','','','','13,14,15,16,','Multi axis center');
INSERT INTO `Factory`.Resource VALUES ('Plant1:CNC2_RESOURCE','machine:','','','','','17,18,19,20,','Multi axis center');
INSERT INTO `Factory`.Resource VALUES ('Plant1:CNC3New_RESOURCE','machine:','','','','','21,22,23,24,','Multi axis center');
INSERT INTO `Factory`.Resource VALUES ('Plant1:CNC3Old_RESOURCE','machine:','','','','','25,26,27,28,','Multi axis center');
INSERT INTO `Factory`.Resource VALUES ('Plant1:CNC4_RESOURCE','machine:','Plant1:CNC4_RESOURCEMTBF:Measured','Plant1:CNC4_RESOURCEMTTR:Measured','','','29,30,31,32,33,34,35,36,37,38,39,40,41,42,43,44,45,46,47,48,49,50,51,52,','Multi axis center');
INSERT INTO `Factory`.ProcessPlan VALUES ('Part1ProcessPlan','','','Part1Process1,Part1Process2,Part1Process3,Part1Process4','Part1Process1,Part1Process2,Part1Process3,Part1Process4','');
INSERT INTO `Factory`.ProcessPlan VALUES ('Part2ProcessPlan','','','Part2Process1,Part2Process2,Part2Process3,Part2Process4,Part2Process5','Part2Process1,Part2Process2,Part2Process3,Part2Process4,Part2Process5','');
INSERT INTO `Factory`.ProcessPlan VALUES ('Part3ProcessPlan','','','Part3Process1,Part3Process2,Part3Process3','Part3Process1,Part3Process2,Part3Process3','');
INSERT INTO `Factory`.Job VALUES ('job1','','Part1-12345,Part2-12345,Part3-12345','1,2,3','');
INSERT INTO `Factory`.Shift VALUES ('Sunday1','07:00 ','8','1','','');
INSERT INTO `Factory`.Shift VALUES ('Sunday2','15:00 ','8','1','','');
INSERT INTO `Factory`.Shift VALUES ('Sunday3','23:00 ','8','1','','');
INSERT INTO `Factory`.Shift VALUES ('Monday1','07:00 ','8','2','','');
INSERT INTO `Factory`.Shift VALUES ('Monday2','15:00 ','8','2','','');
INSERT INTO `Factory`.Shift VALUES ('Monday3','23:00 ','8','2','','');
INSERT INTO `Factory`.Shift VALUES ('Tuesday1','07:00 ','8','3','','');
INSERT INTO `Factory`.Shift VALUES ('Tuesday2','15:00 ','8','3','','');
INSERT INTO `Factory`.Shift VALUES ('Tuesday3','23:00 ','8','3','','');
INSERT INTO `Factory`.Shift VALUES ('Wednesday1','07:00 ','8','4','','');
INSERT INTO `Factory`.Shift VALUES ('Wednesday2','15:00 ','8','4','','');
INSERT INTO `Factory`.Shift VALUES ('Wednesday3','23:00 ','8','4','','');
INSERT INTO `Factory`.Shift VALUES ('Thursday1','07:00 ','8','5','','');
INSERT INTO `Factory`.Shift VALUES ('Thursday2','15:00 ','8','5','','');
INSERT INTO `Factory`.Shift VALUES ('Thursday3','23:00 ','8','5','','');
INSERT INTO `Factory`.Shift VALUES ('Friday1','07:00 ','8','6','','');
INSERT INTO `Factory`.Shift VALUES ('Friday2','15:00 ','8','6','','');
INSERT INTO `Factory`.Shift VALUES ('Friday3','23:00 ','8','6','','');
INSERT INTO `Factory`.Shift VALUES ('Saturday1','07:00 ','8','7','','');
INSERT INTO `Factory`.Shift VALUES ('Saturday2','15:00 ','8','7','','');
INSERT INTO `Factory`.Shift VALUES ('Saturday3','23:00 ','8','7','','');
INSERT INTO `Factory`.Calendar VALUES (' ShiftSchedule  ','','','','',' 24/7  ');
INSERT INTO `Factory`.Cell VALUES ('Plant1:Cell1','Cell1','Station','Plant1:CNC1_RESOURCE','','');
INSERT INTO `Factory`.Cell VALUES ('Plant1:Cell2','Cell2','Station','Plant1:CNC2_RESOURCE','','');
INSERT INTO `Factory`.Cell VALUES ('Plant1:Cell3','Cell3','Station','Plant1:CNC3New_RESOURCE,Plant1:CNC3Old_RESOURCE','','Cell of machines');
INSERT INTO `Factory`.Cell VALUES ('Plant1:Cell4','Cell4','Station','Plant1:CNC4_RESOURCE','','');
INSERT INTO `Factory`.Process VALUES ('Part1Process1','','Plant1:Cell1','','','ROUGH.NC','TRIA(6,8,10)','minute','6','hour','','1','UnfinishedPart1','1','53,54,55,');
INSERT INTO `Factory`.Process VALUES ('Part1Process2','','Plant1:Cell2','','','FACE.NC','TRIA(5,8,10)','minute','6','hour','','1','UnfinishedPart1','1','56,57,58,');
INSERT INTO `Factory`.Process VALUES ('Part1Process3','','Plant1:Cell3','','','FACE.NC','TRIA(15,20,25)','minute','6','hour','','1','UnfinishedPart1','1','59,60,61,');
INSERT INTO `Factory`.Process VALUES ('Part1Process4','','Plant1:Cell4','','','SEMI. NC','TRIA(8,12,16)','minute','6','hour','','1','UnfinishedPart1','1','62,63,64,');
INSERT INTO `Factory`.Process VALUES ('Part2Process1','','Plant1:Cell1','','','FACE.NC','TRIA(11,13,15)','minute','6','hour','','1','UnfinishedPart2','1','65,66,67,');
INSERT INTO `Factory`.Process VALUES ('Part2Process2','','Plant1:Cell2','','','FACE.NC','TRIA(4,6,8)','minute','6','hour','','1','UnfinishedPart1','1','68,69,70,');
INSERT INTO `Factory`.Process VALUES ('Part2Process3','','Plant1:Cell4','','','ROUGH.NC','TRIA(15,18,21)','minute','6','hour','','1','UnfinishedPart1','1','71,72,73,');
INSERT INTO `Factory`.Process VALUES ('Part2Process4','','Plant1:Cell2','','','SEMI. NC','TRIA(6,9,12)','minute','6','hour','','1','UnfinishedPart1','1','74,75,76,');
INSERT INTO `Factory`.Process VALUES ('Part2Process5','','Plant1:Cell3','','','POCKET.NC','TRIA(27,33,39)','minute','6','hour','','1','UnfinishedPart2','1','77,78,79,');
INSERT INTO `Factory`.Process VALUES ('Part3Process1','','Plant1:Cell2','','','FACE.NC','TRIA(7,9,11)','minute','6','hour','','1','UnfinishedPart3','1','80,81,82,');
INSERT INTO `Factory`.Process VALUES ('Part3Process2','','Plant1:Cell1','','','ROUGH.NC','TRIA(7,10,13)','minute','6','hour','','1','UnfinishedPart3','1','83,84,85,');
INSERT INTO `Factory`.Process VALUES ('Part3Process3','','Plant1:Cell3','','','SHIM.NC','TRIA(18,23,28)','minute','6','hour','','1','UnfinishedPart3','1','86,87,88,');
INSERT INTO `Factory`.Layout VALUES ('Plant1','Plant dimensions','','meter','400','230','upperLeftBased','','','','Job Shop');
INSERT INTO `Factory`.Layout VALUES ('Plant1:CNC1','CNC1','Plant1:CNC1_RESOURCE','meter','3.8','2.52','upperLeftBased','0','0','89,90,','');
INSERT INTO `Factory`.Distribution VALUES ('Plant1:CNC4_RESOURCEMTBF:Measured','MTBF:Measured','','second','','','','','','');
INSERT INTO `Factory`.Distribution VALUES ('Plant1:CNC4_RESOURCEMTBF:Measured','MTBF:Measured','','second','','','','','','');
INSERT INTO `Factory`.Distribution VALUES ('Plant1:CNC4_RESOURCEMTTR:Measured','MTTR:Measured','','second','','','','','','');
INSERT INTO `Factory`.Distribution VALUES ('Plant1:CNC4_RESOURCEMTTR:Measured','MTTR:Measured','','second','','','','','','');
INSERT INTO `Factory`.Distribution VALUES ('Plant1:CNC4_RESOURCEMTBF:Measured','MTBF:Measured','','second','','','','','','');
INSERT INTO `Factory`.Distribution VALUES ('Plant1:CNC4_RESOURCEMTBF:Measured','MTBF:Measured','','second','','','','','','');
INSERT INTO `Factory`.Distribution VALUES ('Plant1:CNC4_RESOURCEMTTR:Measured','MTTR:Measured','','second','','','','','','');
INSERT INTO `Factory`.Distribution VALUES ('Plant1:CNC4_RESOURCEMTTR:Measured','MTTR:Measured','','second','','','','','','');
INSERT INTO `Factory`.Distribution VALUES ('Plant1:CNC4_RESOURCEMTBF:Measured','MTBF:Measured','','second','','','','','','');
INSERT INTO `Factory`.Distribution VALUES ('Plant1:CNC4_RESOURCEMTBF:Measured','MTBF:Measured','','second','','','','','','');
INSERT INTO `Factory`.Distribution VALUES ('Plant1:CNC4_RESOURCEMTTR:Measured','MTTR:Measured','','second','','','','','','');
INSERT INTO `Factory`.Distribution VALUES ('Plant1:CNC4_RESOURCEMTTR:Measured','MTTR:Measured','','second','','','','','','');
INSERT INTO `Factory`.Distribution VALUES ('Plant1:CNC4_RESOURCEMTBF:Measured','MTBF:Measured','','second','','','','','','');
INSERT INTO `Factory`.Distribution VALUES ('Plant1:CNC4_RESOURCEMTBF:Measured','MTBF:Measured','','second','','','','','','');
INSERT INTO `Factory`.Distribution VALUES ('Plant1:CNC4_RESOURCEMTTR:Measured','MTTR:Measured','','second','','','','','','');
INSERT INTO `Factory`.Distribution VALUES ('Plant1:CNC4_RESOURCEMTTR:Measured','MTTR:Measured','','second','','','','','','');
INSERT INTO `Factory`.Distribution VALUES ('Plant1:CNC4_RESOURCEMTBF:Measured','MTBF:Measured','Gamma','second','Location','0','Scale','757219.931403619','Shape','0.200527275765887');
INSERT INTO `Factory`.Distribution VALUES ('Plant1:CNC4_RESOURCEMTTR:Measured','MTTR:Measured','','second','','','','','','');
INSERT INTO `Factory`.Distribution VALUES ('Plant1:CNC4_RESOURCEMTBF:Measured','','','','','','','','','');
INSERT INTO `Factory`.Distribution VALUES ('Plant1:CNC4_RESOURCEMTBF:Measured','','','','','','','','','');
INSERT INTO `Factory`.Distribution VALUES ('Plant1:CNC4_RESOURCEMTTR:Measured','','','','','','','','','');
INSERT INTO `Factory`.Distribution VALUES ('Plant1:CNC4_RESOURCEMTTR:Measured','','','','','','','','','');
INSERT INTO `Factory`.Distribution VALUES ('Plant1:CNC4_RESOURCEMTBF:Measured','','','','','','','','','');
INSERT INTO `Factory`.Distribution VALUES ('Plant1:CNC4_RESOURCEMTBF:Measured','','','','','','','','','');
INSERT INTO `Factory`.Distribution VALUES ('Plant1:CNC4_RESOURCEMTTR:Measured','','','','','','','','','');
INSERT INTO `Factory`.Distribution VALUES ('Plant1:CNC4_RESOURCEMTTR:Measured','','','','','','','','','');
INSERT INTO `Factory`.Distribution VALUES ('Plant1:CNC4_RESOURCEMTBF:Measured','','','','','','','','','');
INSERT INTO `Factory`.Distribution VALUES ('Plant1:CNC4_RESOURCEMTBF:Measured','','','','','','','','','');
INSERT INTO `Factory`.Distribution VALUES ('Plant1:CNC4_RESOURCEMTTR:Measured','','','','','','','','','');
INSERT INTO `Factory`.Distribution VALUES ('Plant1:CNC4_RESOURCEMTTR:Measured','','','','','','','','','');
INSERT INTO `Factory`.Distribution VALUES ('Plant1:CNC4_RESOURCEMTBF:Measured','','','','','','','','','');
INSERT INTO `Factory`.Distribution VALUES ('Plant1:CNC4_RESOURCEMTTR:Measured','','','','','','','','','');
INSERT INTO `Factory`.Distribution VALUES ('Plant1:CNC4_RESOURCEMTBF:Measured','','','','','','','','','');
INSERT INTO `Factory`.Distribution VALUES ('Plant1:CNC4_RESOURCEMTBF:Measured','','','','','','','','','');
INSERT INTO `Factory`.Distribution VALUES ('Plant1:CNC4_RESOURCEMTTR:Measured','','','','','','','','','');
INSERT INTO `Factory`.Distribution VALUES ('Plant1:CNC4_RESOURCEMTTR:Measured','','','','','','','','','');
INSERT INTO `Factory`.Distribution VALUES ('Plant1:CNC4_RESOURCEMTBF:Measured','','','','','','','','','');
INSERT INTO `Factory`.Distribution VALUES ('Plant1:CNC4_RESOURCEMTBF:Measured','','','','','','','','','');
INSERT INTO `Factory`.Distribution VALUES ('Plant1:CNC4_RESOURCEMTTR:Measured','','','','','','','','','');
INSERT INTO `Factory`.Distribution VALUES ('Plant1:CNC4_RESOURCEMTTR:Measured','','','','','','','','','');
INSERT INTO `Factory`.Distribution VALUES ('Plant1:CNC4_RESOURCEMTBF:Measured','','','','','','','','','');
INSERT INTO `Factory`.Distribution VALUES ('Plant1:CNC4_RESOURCEMTTR:Measured','','','','','','','','','');
INSERT INTO `Factory`.Distribution VALUES ('Plant1:CNC4_RESOURCEMTBF:Measured','','','','','','','','','');
INSERT INTO `Factory`.Distribution VALUES ('Plant1:CNC4_RESOURCEMTTR:Measured','','','','','','','','','');
INSERT INTO `Factory`.Distribution VALUES ('dddd:111','','','','','','','','','');


INSERT INTO Properties VALUES (1,'color','green','','');
INSERT INTO Properties VALUES (2,'arrivals','','','interarrival time for parts of this type at machine 1');
INSERT INTO Properties VALUES (3,'DistributionDefinitionReference','','','interarrival time for parts of this type at machine 1');
INSERT INTO Properties VALUES (4,'','','','');
INSERT INTO Properties VALUES (5,'color','green','','');
INSERT INTO Properties VALUES (6,'arrivals','','','interarrival time for parts of this type at machine 1');
INSERT INTO Properties VALUES (7,'DistributionDefinitionReference','','','interarrival time for parts of this type at machine 1');
INSERT INTO Properties VALUES (8,'','','','');
INSERT INTO Properties VALUES (9,'color','green','','');
INSERT INTO Properties VALUES (10,'arrivals','','','interarrival time for parts of this type at machine 1');
INSERT INTO Properties VALUES (11,'DistributionDefinitionReference','','','interarrival time for parts of this type at machine 1');
INSERT INTO Properties VALUES (12,'','','','');
INSERT INTO Properties VALUES (13,'Capacity','1','','');
INSERT INTO Properties VALUES (14,'Manufacturer','Mazak','','');
INSERT INTO Properties VALUES (15,'SerialNumber','111-222-556677-3','','');
INSERT INTO Properties VALUES (16,'','','','');
INSERT INTO Properties VALUES (17,'Capacity','1','','');
INSERT INTO Properties VALUES (18,'Manufacturer','Mazak','','');
INSERT INTO Properties VALUES (19,'SerialNumber','111-222-556677-4','','');
INSERT INTO Properties VALUES (20,'','','','');
INSERT INTO Properties VALUES (21,'Capacity','1','','');
INSERT INTO Properties VALUES (22,'Manufacturer','Mazak','','');
INSERT INTO Properties VALUES (23,'SerialNumber','111-222-556677-5','','');
INSERT INTO Properties VALUES (24,'','','','');
INSERT INTO Properties VALUES (25,'Capacity','1','','');
INSERT INTO Properties VALUES (26,'Manufacturer','Mazak','','');
INSERT INTO Properties VALUES (27,'SerialNumber','111-222-556677-5','','');
INSERT INTO Properties VALUES (28,'','','','');
INSERT INTO Properties VALUES (29,'Capacity','1','','');
INSERT INTO Properties VALUES (30,'Manufacturer','Mazak','','');
INSERT INTO Properties VALUES (31,'SerialNumber','111-222-556677-6','','');
INSERT INTO Properties VALUES (32,'MTBF:Measured','','second','Measured by data logging system');
INSERT INTO Properties VALUES (33,'MTBF:Measured','','second','Measured by data logging system');
INSERT INTO Properties VALUES (34,'MTTR:Measured','','second','Measured by data logging system');
INSERT INTO Properties VALUES (35,'MTTR:Measured','','second','Measured by data logging system');
INSERT INTO Properties VALUES (36,'MTBF:Measured','','second','Measured by data logging system');
INSERT INTO Properties VALUES (37,'MTBF:Measured','','second','Measured by data logging system');
INSERT INTO Properties VALUES (38,'MTTR:Measured','','second','Measured by data logging system');
INSERT INTO Properties VALUES (39,'MTTR:Measured','','second','Measured by data logging system');
INSERT INTO Properties VALUES (40,'MTBF:Measured','','second','Measured by data logging system');
INSERT INTO Properties VALUES (41,'MTBF:Measured','','second','Measured by data logging system');
INSERT INTO Properties VALUES (42,'MTTR:Measured','','second','Measured by data logging system');
INSERT INTO Properties VALUES (43,'MTTR:Measured','','second','Measured by data logging system');
INSERT INTO Properties VALUES (44,'MTBF:Measured','','second','Measured by data logging system');
INSERT INTO Properties VALUES (45,'MTBF:Measured','','second','Measured by data logging system');
INSERT INTO Properties VALUES (46,'MTTR:Measured','','second','Measured by data logging system');
INSERT INTO Properties VALUES (47,'MTTR:Measured','','second','Measured by data logging system');
INSERT INTO Properties VALUES (48,'MTBF:Measured','','second','Measured by data logging system');
INSERT INTO Properties VALUES (49,'MTBF:Measured','','second','Measured by data logging system');
INSERT INTO Properties VALUES (50,'MTTR:Measured','','second','Measured by data logging system');
INSERT INTO Properties VALUES (51,'MTTR:Measured','','second','Measured by data logging system');
INSERT INTO Properties VALUES (52,'','','','');
INSERT INTO Properties VALUES (53,'ScrapPercentage','2','','');
INSERT INTO Properties VALUES (54,'PartProgram','ROUGH.NC','','');
INSERT INTO Properties VALUES (55,'','','','');
INSERT INTO Properties VALUES (56,'ScrapPercentage','2','','');
INSERT INTO Properties VALUES (57,'PartProgram','FACE.NC','','');
INSERT INTO Properties VALUES (58,'','','','');
INSERT INTO Properties VALUES (59,'ScrapPercentage','2','','');
INSERT INTO Properties VALUES (60,'PartProgram','FACE.NC','','');
INSERT INTO Properties VALUES (61,'','','','');
INSERT INTO Properties VALUES (62,'ScrapPercentage','2','','');
INSERT INTO Properties VALUES (63,'PartProgram','SEMI.NC','','');
INSERT INTO Properties VALUES (64,'','','','');
INSERT INTO Properties VALUES (65,'ScrapPercentage','2','','');
INSERT INTO Properties VALUES (66,'PartProgram','FACE.NC','','');
INSERT INTO Properties VALUES (67,'','','','');
INSERT INTO Properties VALUES (68,'ScrapPercentage','2','','');
INSERT INTO Properties VALUES (69,'PartProgram','FACE.NC','','');
INSERT INTO Properties VALUES (70,'','','','');
INSERT INTO Properties VALUES (71,'ScrapPercentage','2','','');
INSERT INTO Properties VALUES (72,'PartProgram','FACE.NC','','');
INSERT INTO Properties VALUES (73,'','','','');
INSERT INTO Properties VALUES (74,'ScrapPercentage','2','','');
INSERT INTO Properties VALUES (75,'PartProgram','SEMI.NC','','');
INSERT INTO Properties VALUES (76,'','','','');
INSERT INTO Properties VALUES (77,'ScrapPercentage','2','','');
INSERT INTO Properties VALUES (78,'PartProgram','POCKET.NC','','');
INSERT INTO Properties VALUES (79,'','','','');
INSERT INTO Properties VALUES (80,'ScrapPercentage','2','','');
INSERT INTO Properties VALUES (81,'PartProgram','ROUGH.NC','','');
INSERT INTO Properties VALUES (82,'','','','');
INSERT INTO Properties VALUES (83,'ScrapPercentage','2','','');
INSERT INTO Properties VALUES (84,'PartProgram','POCKET.NC','','');
INSERT INTO Properties VALUES (85,'','','','');
INSERT INTO Properties VALUES (86,'ScrapPercentage','2','','');
INSERT INTO Properties VALUES (87,'PartProgram','SHIM.NC','','');
INSERT INTO Properties VALUES (88,'','','','');
INSERT INTO Properties VALUES (89,'Weight','11000g','','');
INSERT INTO Properties VALUES (90,'','','','');
